{
  "id": "example-6",
  "name": "Color Grading",
  "description": "Experimenting with a color grading template",
  "createdAt": "2025-04-09T03:29:08.576Z",
  "updatedAt": "2025-04-09T03:29:08.576Z",
  "createdBy": {
    "id": "user-1",
    "name": "User"
  },
  "aspectRatio": "9:16",
  "category": "Custom",
  "tags": ["custom", "user-created"],
  "duration": 124,
  "overlays": [
    {
      "left": 0,
      "top": 0,
      "width": 1087,
      "height": 1924,
      "durationInFrames": 160,
      "from": 0,
      "id": 343983,
      "rotation": 0,
      "row": 2,
      "isDragging": false,
      "type": "video",
      "content": "https://images.pexels.com/videos/4235591/pexels-photo-4235591.jpeg?auto=compress&cs=tinysrgb&fit=crop&h=630&w=1200",
      "src": "https://videos.pexels.com/video-files/4235591/4235591-hd_1920_1080_25fps.mp4",
      "videoStartTime": 0,
      "styles": {
        "opacity": 1,
        "zIndex": 100,
        "transform": "none",
        "objectFit": "cover",
        "filter": "brightness(100%) sepia(20%) hue-rotate(180deg) saturate(90%)"
      }
    },
    {
      "left": 0,
      "top": 0,
      "width": 1087,
      "height": 1924,
      "durationInFrames": 55,
      "from": 153,
      "id": 233686,
      "rotation": 0,
      "row": 1,
      "isDragging": false,
      "type": "video",
      "content": "https://images.pexels.com/videos/4235591/pexels-photo-4235591.jpeg?auto=compress&cs=tinysrgb&fit=crop&h=630&w=1200",
      "src": "https://videos.pexels.com/video-files/4235591/4235591-hd_1920_1080_25fps.mp4",
      "videoStartTime": 160,
      "styles": {
        "opacity": 1,
        "zIndex": 100,
        "transform": "none",
        "objectFit": "cover",
        "filter": "contrast(130%) sepia(45%) brightness(85%) saturate(160%) hue-rotate(5deg)"
      }
    },
    {
      "left": 0,
      "top": 0,
      "width": 1087,
      "height": 1924,
      "durationInFrames": 56,
      "from": 272,
      "id": 971435,
      "rotation": 0,
      "row": 2,
      "isDragging": false,
      "type": "video",
      "content": "https://images.pexels.com/videos/4235591/pexels-photo-4235591.jpeg?auto=compress&cs=tinysrgb&fit=crop&h=630&w=1200",
      "src": "https://videos.pexels.com/video-files/4235591/4235591-hd_1920_1080_25fps.mp4",
      "videoStartTime": 305,
      "styles": {
        "opacity": 1,
        "zIndex": 100,
        "transform": "none",
        "objectFit": "cover",
        "filter": "grayscale(100%) contrast(150%) brightness(90%)"
      }
    },
    {
      "left": 0,
      "top": 0,
      "width": 1087,
      "height": 1924,
      "durationInFrames": 61,
      "from": 390,
      "id": 45712,
      "rotation": 0,
      "row": 1,
      "isDragging": false,
      "type": "video",
      "content": "https://images.pexels.com/videos/4235591/pexels-photo-4235591.jpeg?auto=compress&cs=tinysrgb&fit=crop&h=630&w=1200",
      "src": "https://videos.pexels.com/video-files/4235591/4235591-hd_1920_1080_25fps.mp4",
      "videoStartTime": 455,
      "styles": {
        "opacity": 1,
        "zIndex": 100,
        "transform": "none",
        "objectFit": "cover",
        "filter": "brightness(100%) sepia(20%) hue-rotate(180deg) saturate(90%)"
      }
    },
    {
      "left": 0,
      "top": 0,
      "width": 1087,
      "height": 1924,
      "durationInFrames": 47,
      "from": 199,
      "id": 386966,
      "rotation": 0,
      "row": 2,
      "isDragging": false,
      "type": "video",
      "content": "https://images.pexels.com/videos/4235591/pexels-photo-4235591.jpeg?auto=compress&cs=tinysrgb&fit=crop&h=630&w=1200",
      "src": "https://videos.pexels.com/video-files/4235591/4235591-hd_1920_1080_25fps.mp4",
      "videoStartTime": 215,
      "styles": {
        "opacity": 1,
        "zIndex": 100,
        "transform": "none",
        "objectFit": "cover",
        "filter": "contrast(95%) brightness(95%) saturate(70%) sepia(15%)"
      }
    },
    {
      "left": 0,
      "top": 0,
      "width": 1087,
      "height": 1924,
      "durationInFrames": 43,
      "from": 239,
      "id": 351076,
      "rotation": 0,
      "row": 1,
      "isDragging": false,
      "type": "video",
      "content": "https://images.pexels.com/videos/4235591/pexels-photo-4235591.jpeg?auto=compress&cs=tinysrgb&fit=crop&h=630&w=1200",
      "src": "https://videos.pexels.com/video-files/4235591/4235591-hd_1920_1080_25fps.mp4",
      "videoStartTime": 262,
      "styles": {
        "opacity": 1,
        "zIndex": 100,
        "transform": "none",
        "objectFit": "cover",
        "filter": "contrast(135%) brightness(110%) saturate(190%) hue-rotate(345deg)"
      }
    },
    {
      "left": 0,
      "top": 0,
      "width": 1087,
      "height": 1924,
      "durationInFrames": 52,
      "from": 316,
      "id": 487005,
      "rotation": 0,
      "row": 1,
      "isDragging": false,
      "type": "video",
      "content": "https://images.pexels.com/videos/4235591/pexels-photo-4235591.jpeg?auto=compress&cs=tinysrgb&fit=crop&h=630&w=1200",
      "src": "https://videos.pexels.com/video-files/4235591/4235591-hd_1920_1080_25fps.mp4",
      "videoStartTime": 361,
      "styles": {
        "opacity": 1,
        "zIndex": 100,
        "transform": "none",
        "objectFit": "cover",
        "filter": "sepia(15%) contrast(95%) brightness(105%) saturate(80%)"
      }
    },
    {
      "left": 0,
      "top": 0,
      "width": 1087,
      "height": 1924,
      "durationInFrames": 42,
      "from": 359,
      "id": 604601,
      "rotation": 0,
      "row": 2,
      "isDragging": false,
      "type": "video",
      "content": "https://images.pexels.com/videos/4235591/pexels-photo-4235591.jpeg?auto=compress&cs=tinysrgb&fit=crop&h=630&w=1200",
      "src": "https://videos.pexels.com/video-files/4235591/4235591-hd_1920_1080_25fps.mp4",
      "videoStartTime": 413,
      "styles": {
        "opacity": 1,
        "zIndex": 100,
        "transform": "none",
        "objectFit": "cover",
        "filter": "contrast(115%) brightness(95%) saturate(110%)"
      }
    },
    {
      "left": 0,
      "top": 0,
      "width": 1087,
      "height": 1924,
      "durationInFrames": 51,
      "from": 442,
      "id": 828172,
      "rotation": 0,
      "row": 2,
      "isDragging": false,
      "type": "video",
      "content": "https://images.pexels.com/videos/4235591/pexels-photo-4235591.jpeg?auto=compress&cs=tinysrgb&fit=crop&h=630&w=1200",
      "src": "https://videos.pexels.com/video-files/4235591/4235591-hd_1920_1080_25fps.mp4",
      "videoStartTime": 516,
      "styles": {
        "opacity": 1,
        "zIndex": 100,
        "transform": "none",
        "objectFit": "cover",
        "filter": "brightness(105%) sepia(30%) saturate(130%) hue-rotate(350deg)"
      }
    },
    {
      "left": 0,
      "top": 0,
      "width": 1087,
      "height": 1924,
      "durationInFrames": 38,
      "from": 482,
      "id": 382038,
      "rotation": 0,
      "row": 1,
      "isDragging": false,
      "type": "video",
      "content": "https://images.pexels.com/videos/4235591/pexels-photo-4235591.jpeg?auto=compress&cs=tinysrgb&fit=crop&h=630&w=1200",
      "src": "https://videos.pexels.com/video-files/4235591/4235591-hd_1920_1080_25fps.mp4",
      "videoStartTime": 567,
      "styles": {
        "opacity": 1,
        "zIndex": 100,
        "transform": "none",
        "objectFit": "cover",
        "filter": "contrast(125%) brightness(95%) saturate(70%) sepia(30%) hue-rotate(340deg)"
      }
    },
    {
      "left": 152,
      "top": 729,
      "width": 799,
      "height": 155,
      "durationInFrames": 521,
      "from": 0,
      "id": 157316,
      "row": 0,
      "rotation": 0,
      "isDragging": false,
      "type": "text",
      "content": "color grading",
      "styles": {
        "fontSize": "3rem",
        "fontWeight": "700",
        "color": "rgba(17, 16, 16, 0.69)",
        "backgroundColor": "",
        "fontFamily": "font-league-spartan",
        "fontStyle": "normal",
        "textDecoration": "none",
        "lineHeight": "1.1",
        "textAlign": "center",
        "letterSpacing": "-0.03em",
        "opacity": 1,
        "zIndex": 1,
        "transform": "none"
      }
    },
    {
      "id": 971436,
      "type": "sound",
      "content": "Inspiring Cinematic",
      "src": "https://rwxrdxvxndclnqvznxfj.supabase.co/storage/v1/object/public/sounds/sound-2.mp3?t=2024-11-04T03%3A52%3A27.497Z",
      "from": 0,
      "row": 3,
      "left": 0,
      "top": 0,
      "width": 1920,
      "height": 100,
      "rotation": 0,
      "isDragging": false,
      "durationInFrames": 522,
      "styles": {
        "opacity": 1
      }
    }
  ]
}
