{
  "id": "example-5",
  "name": "Make Great Videos",
  "description": "Make great videos with this template",
  "createdAt": "2025-04-09T03:29:08.576Z",
  "updatedAt": "2025-04-09T03:29:08.576Z",
  "createdBy": {
    "id": "user-1",
    "name": "User"
  },
  "aspectRatio": "16:9",
  "category": "Custom",
  "tags": ["custom", "user-created"],
  "duration": 124,
  "overlays": [
    {
      "left": 0,
      "top": 0,
      "width": 1280,
      "height": 720,
      "durationInFrames": 61,
      "from": 0,
      "id": 791325,
      "rotation": 0,
      "row": 3,
      "isDragging": false,
      "type": "video",
      "content": "https://images.pexels.com/videos/2821900/free-video-2821900.jpg?auto=compress&cs=tinysrgb&fit=crop&h=630&w=1200",
      "src": "https://videos.pexels.com/video-files/2821900/2821900-hd_1280_720_25fps.mp4",
      "videoStartTime": 0,
      "styles": {
        "opacity": 1,
        "zIndex": 100,
        "transform": "none",
        "objectFit": "cover",
        "padding": "50px",
        "paddingBackgroundColor": "#ffffff",
        "filter": "contrast(130%) sepia(45%) brightness(85%) saturate(160%) hue-rotate(5deg)"
      }
    },
    {
      "left": 24,
      "top": 127,
      "width": 1195,
      "height": 444,
      "durationInFrames": 47,
      "from": 9,
      "id": 407242,
      "row": 1,
      "rotation": 0,
      "isDragging": false,
      "type": "text",
      "content": "MAKE",
      "styles": {
        "fontSize": "3rem",
        "fontWeight": "700",
        "color": "rgba(255, 169, 2, 1)",
        "backgroundColor": "",
        "fontFamily": "font-league-spartan",
        "fontStyle": "normal",
        "textDecoration": "none",
        "lineHeight": "1.1",
        "textAlign": "center",
        "letterSpacing": "-0.03em",
        "opacity": 1,
        "zIndex": 1,
        "transform": "none"
      }
    },
    {
      "left": 38,
      "top": 141,
      "width": 1195,
      "height": 444,
      "durationInFrames": 48,
      "from": 9,
      "id": 162812,
      "row": 2,
      "rotation": 0,
      "isDragging": false,
      "type": "text",
      "content": "MAKE",
      "styles": {
        "fontSize": "3rem",
        "fontWeight": "700",
        "color": "rgb(24, 23, 22)",
        "backgroundColor": "",
        "fontFamily": "font-league-spartan",
        "fontStyle": "normal",
        "textDecoration": "none",
        "lineHeight": "1.1",
        "textAlign": "center",
        "letterSpacing": "-0.03em",
        "opacity": 1,
        "zIndex": 1,
        "transform": "none"
      }
    },
    {
      "left": 0,
      "top": 0,
      "width": 1280,
      "height": 720,
      "durationInFrames": 52,
      "from": 57,
      "id": 634772,
      "rotation": 0,
      "row": 2,
      "isDragging": false,
      "type": "video",
      "content": "https://images.pexels.com/videos/7778850/pexels-photo-7778850.jpeg?auto=compress&cs=tinysrgb&fit=crop&h=630&w=1200",
      "src": "https://videos.pexels.com/video-files/7778850/7778850-uhd_2732_1440_25fps.mp4",
      "videoStartTime": 0,
      "styles": {
        "opacity": 1,
        "zIndex": 100,
        "transform": "none",
        "objectFit": "cover",
        "filter": "contrast(130%) sepia(45%) brightness(85%) saturate(160%) hue-rotate(5deg)",
        "padding": "50px",
        "paddingBackgroundColor": "#ffffff"
      }
    },
    {
      "left": 24,
      "top": 127,
      "width": 1195,
      "height": 444,
      "durationInFrames": 40,
      "from": 62,
      "id": 957241,
      "row": 0,
      "rotation": 0,
      "isDragging": false,
      "type": "text",
      "content": "GREAT",
      "styles": {
        "fontSize": "3rem",
        "fontWeight": "700",
        "color": "rgba(255, 169, 2, 1)",
        "backgroundColor": "",
        "fontFamily": "font-league-spartan",
        "fontStyle": "normal",
        "textDecoration": "none",
        "lineHeight": "1.1",
        "textAlign": "center",
        "letterSpacing": "-0.03em",
        "opacity": 1,
        "zIndex": 1,
        "transform": "none"
      }
    },
    {
      "left": 38,
      "top": 141,
      "width": 1195,
      "height": 444,
      "durationInFrames": 41,
      "from": 62,
      "id": 671754,
      "row": 1,
      "rotation": 0,
      "isDragging": false,
      "type": "text",
      "content": "GREAT",
      "styles": {
        "fontSize": "3rem",
        "fontWeight": "700",
        "color": "rgb(24, 23, 22)",
        "backgroundColor": "",
        "fontFamily": "font-league-spartan",
        "fontStyle": "normal",
        "textDecoration": "none",
        "lineHeight": "1.1",
        "textAlign": "center",
        "letterSpacing": "-0.03em",
        "opacity": 1,
        "zIndex": 1,
        "transform": "none"
      }
    },
    {
      "left": 0,
      "top": 0,
      "width": 1280,
      "height": 720,
      "durationInFrames": 54,
      "from": 101,
      "id": 949039,
      "rotation": 0,
      "row": 3,
      "isDragging": false,
      "type": "video",
      "content": "https://images.pexels.com/videos/3044090/free-video-3044090.jpg?auto=compress&cs=tinysrgb&fit=crop&h=630&w=1200",
      "src": "https://videos.pexels.com/video-files/3044090/3044090-uhd_2560_1440_24fps.mp4",
      "videoStartTime": 0,
      "styles": {
        "opacity": 1,
        "padding": "50px",
        "paddingBackgroundColor": "#ffffff",
        "zIndex": 100,
        "transform": "none",
        "objectFit": "cover",
        "filter": "contrast(130%) sepia(45%) brightness(85%) saturate(160%) hue-rotate(5deg)"
      }
    },
    {
      "left": 24,
      "top": 127,
      "width": 1195,
      "height": 444,
      "durationInFrames": 47,
      "from": 108,
      "id": 947381,
      "row": 0,
      "rotation": 0,
      "isDragging": false,
      "type": "text",
      "content": "VIDEOS",
      "styles": {
        "fontSize": "3rem",
        "fontWeight": "700",
        "color": "rgba(255, 169, 2, 1)",
        "backgroundColor": "",
        "fontFamily": "font-league-spartan",
        "fontStyle": "normal",
        "textDecoration": "none",
        "lineHeight": "1.1",
        "textAlign": "center",
        "letterSpacing": "-0.03em",
        "padding": "50px",
        "paddingBackgroundColor": "#ffffff",
        "opacity": 1,
        "zIndex": 1,
        "transform": "none"
      }
    },
    {
      "left": 38,
      "top": 141,
      "width": 1195,
      "height": 444,
      "durationInFrames": 47,
      "from": 108,
      "id": 286216,
      "row": 1,
      "rotation": 0,
      "isDragging": false,
      "type": "text",
      "content": "VIDEOS",
      "styles": {
        "fontSize": "3rem",
        "fontWeight": "700",
        "color": "rgb(24, 23, 22)",
        "backgroundColor": "",
        "fontFamily": "font-league-spartan",
        "fontStyle": "normal",
        "textDecoration": "none",
        "lineHeight": "1.1",
        "textAlign": "center",
        "letterSpacing": "-0.03em",
        "opacity": 1,
        "zIndex": 1,
        "transform": "none"
      }
    },
    {
      "id": 957242,
      "type": "sound",
      "content": "Another Lowfi",
      "src": "https://rwxrdxvxndclnqvznxfj.supabase.co/storage/v1/object/public/sounds/sound-3.mp3?t=2024-11-04T03%3A52%3A35.101Z",
      "from": 0,
      "row": 4,
      "left": 0,
      "top": 0,
      "width": 1920,
      "height": 100,
      "rotation": 0,
      "isDragging": false,
      "durationInFrames": 156,
      "styles": {
        "opacity": 1
      }
    }
  ]
}
