{
  "id": "example-1",
  "name": "Relax Tiktok",
  "description": "A relaxing video.",
  "createdAt": "2025-04-10T02:23:33.870Z",
  "updatedAt": "2025-04-10T02:23:33.870Z",
  "createdBy": {
    "id": "user-1",
    "name": "User"
  },
  "category": "Custom",
  "tags": ["custom", "user-created"],
  "duration": 330,
  "aspectRatio": "9:16",
  "overlays": [
    {
      "left": 0,
      "top": 0,
      "width": 1086,
      "height": 1950,
      "durationInFrames": 83,
      "from": 0,
      "id": 0,
      "rotation": 0,
      "row": 4,
      "isDragging": false,
      "type": "video",
      "content": "https://images.pexels.com/videos/31515004/pexels-photo-31515004.jpeg?auto=compress&cs=tinysrgb&fit=crop&h=1200&w=630",
      "src": "https://videos.pexels.com/video-files/31515004/13434969_360_640_60fps.mp4",
      "videoStartTime": 0,
      "styles": {
        "opacity": 1,
        "zIndex": 100,
        "transform": "none",
        "objectFit": "cover",
        "padding": "65px",
        "paddingBackgroundColor": "#47a8d9"
      }
    },
    {
      "left": 0,
      "top": 0,
      "width": 1076,
      "height": 1906,
      "durationInFrames": 84,
      "from": 69,
      "id": 1,
      "rotation": 0,
      "row": 1,
      "isDragging": false,
      "type": "video",
      "content": "https://images.pexels.com/videos/31525167/cheonggyecheon-cheonggyecheon-stream-jongno-gu-jongro-gu-31525167.jpeg?auto=compress&cs=tinysrgb&fit=crop&h=1200&w=630",
      "src": "https://videos.pexels.com/video-files/31525167/13437855_360_640_30fps.mp4",
      "videoStartTime": 0,
      "styles": {
        "opacity": 1,
        "zIndex": 100,
        "transform": "none",
        "objectFit": "cover",
        "padding": "65px",
        "paddingBackgroundColor": "#d67d76"
      }
    },
    {
      "left": 0,
      "top": 0,
      "width": 1070,
      "height": 1929,
      "durationInFrames": 84,
      "from": 137,
      "id": 2,
      "rotation": 0,
      "row": 2,
      "isDragging": false,
      "type": "video",
      "content": "https://images.pexels.com/videos/31508697/langkawi-sea-beach-31508697.jpeg?auto=compress&cs=tinysrgb&fit=crop&h=1200&w=630",
      "src": "https://videos.pexels.com/video-files/31508697/13432546_360_640_60fps.mp4",
      "videoStartTime": 0,
      "styles": {
        "opacity": 1,
        "zIndex": 100,
        "transform": "none",
        "objectFit": "cover",
        "padding": "65px",
        "paddingBackgroundColor": "#e6844d"
      }
    },
    {
      "left": 0,
      "top": 0,
      "width": 1078,
      "height": 1925,
      "durationInFrames": 118,
      "from": 212,
      "id": 3,
      "rotation": 0,
      "row": 3,
      "isDragging": false,
      "type": "video",
      "content": "https://images.pexels.com/videos/31497019/architecture-bleu-celebre-ciel-31497019.jpeg?auto=compress&cs=tinysrgb&fit=crop&h=1200&w=630",
      "src": "https://videos.pexels.com/video-files/31497019/13429172_360_640_30fps.mp4",
      "videoStartTime": 0,
      "styles": {
        "opacity": 1,
        "zIndex": 100,
        "transform": "none",
        "objectFit": "cover",
        "padding": "65px",
        "paddingBackgroundColor": "#b07344"
      }
    },
    {
      "left": 117,
      "top": 843,
      "width": 871,
      "height": 291,
      "durationInFrames": 326,
      "from": 0,
      "id": 4,
      "row": 0,
      "rotation": 0,
      "isDragging": false,
      "type": "text",
      "content": "Time to RELAX",
      "styles": {
        "fontSize": "3rem",
        "fontWeight": "900",
        "color": "#FFFFFF",
        "backgroundColor": "",
        "fontFamily": "font-league-spartan",
        "fontStyle": "normal",
        "textDecoration": "none",
        "lineHeight": "1",
        "textAlign": "center",
        "letterSpacing": "0.02em",
        "textTransform": "uppercase",
        "textShadow": "2px 2px 0px rgba(0, 0, 0, 0.2)",
        "opacity": 1,
        "zIndex": 1,
        "transform": "none"
      }
    }
  ]
}
